APf,ABf,GDP,NFi,NSi,label
3.3913,278.7391,15,23,12,0
4.625,350.5,5,8,5,0
0.5,31.0,0,2,2,0
1.2222,79.3333,9,9,3,0
5.0,322.0,2,1,1,0
1.0,84.0,2,2,2,0
3.0,222.0,2,1,1,0
3.0,222.0,0,1,1,0
1.0,74.0,0,1,1,0
17.2,3018.4,4,5,4,0
6.0895,2627.5737,97,190,13,0
8.5927,4310.1192,136,302,25,0
1.7639,238.5417,2,72,18,0
1.8421,383.5614,8,57,15,0
1.5417,143.8333,3,48,12,0
1.2609,94.6957,3,46,13,0
2.6375,344.375,17,80,21,0
2.05,426.6625,16,80,21,0
1.0,62.7273,0,44,11,0
1.1818,74.7727,0,44,11,0
1.0465,66.0,2,43,10,0
1.6667,118.386,7,57,15,0
1.6032,125.6825,10,63,16,0
2.6515,331.4242,12,66,19,0
1.0,62.4,0,10,6,0
1.2,73.8,0,10,6,0
1.0,62.25,0,8,5,0
3.4286,238.5,10,28,13,0
3.8571,268.4286,10,28,14,0
3.5,249.25,3,8,6,0
1.0,342.0,2,1,1,0
0.5,33.0,2,2,2,0
1.5,95.0,0,2,2,0
3.3333,230.0,2,3,3,0
4.3333,461.6667,4,6,3,0
2.7778,329.1111,5,9,5,0
13.2857,2435.4286,3,7,5,0
4.4784,1575.5569,115,255,13,0
2.8462,315.4615,0,13,4,0
7.1667,713.5,3,6,5,0
1.25,92.0,1,4,4,0
6.0,2225.3333,3,6,4,0
5.8333,584.1667,5,6,6,0
2.381,214.0952,9,21,11,0
1.0,158.0,0,3,3,0
2.2,171.6,3,5,5,0
0.6667,44.0,2,3,3,0
3.0,213.5,0,2,2,0
12.0,1984.0,6,8,6,0
7.8316,4038.8061,96,196,25,0
4.3818,897.2182,15,55,15,0
1.9333,164.8667,0,15,9,0
1.0,63.0,0,10,6,0
1.0,63.0,0,10,6,0
3.4,254.8333,10,30,14,0
3.3636,267.7879,12,33,14,0
1.0,63.3333,0,9,6,0
1.1818,75.2727,2,11,7,0
1.1667,76.6667,1,12,7,0
8.7576,5216.9697,11,33,14,0
1.4,100.3,2,20,12,0
3.6667,312.2381,12,42,19,0
1.0,66.0,0,6,4,0
1.0,66.0,0,6,4,0
8.2468,5158.981,60,158,21,0
4.2593,1103.1111,5,27,17,0
3.5455,263.0,10,33,17,0
6.2222,941.6667,6,18,12,0
1.0,64.3636,0,11,8,0
2.0,182.0833,1,12,8,0
2.0769,159.3077,8,26,15,0
1.8333,803.0,1,12,9,0
1.3636,92.5455,2,11,7,0
2.8462,254.6154,1,13,9,0
1.1667,76.6667,1,12,7,0
1.8,129.2,4,20,11,0
2.0,172.6538,8,26,15,0
2.1111,183.7778,3,9,7,0
0.0,0.0,0,1,1,0
2.75,221.5,4,4,4,0
0.0,0.0,0,1,1,0
4.1333,290.0,8,15,9,0
2.6667,388.0,1,3,3,0
1.0,342.0,0,1,1,0
2.75,345.25,3,4,3,0
1.0,342.0,0,1,1,0
0.0,0.0,0,1,1,0
15.8065,15125.0968,17,31,7,0
17.2,3046.4,3,5,4,0
8.1844,3521.5957,72,141,15,0
4.5,1423.1867,72,166,16,0
2.1176,171.8824,0,17,6,0
4.0,242.4,0,5,3,0
1.5,134.8,6,10,7,0
5.6667,575.3333,1,3,3,0
3.8966,317.7586,16,29,13,0
2.4667,194.0,7,15,6,0
2.0,155.6667,3,6,5,0
3.4167,277.3333,12,24,10,0
7.0,1314.8,5,10,7,0
6.9902,2442.3333,45,102,14,0
2.0,578.3929,6,28,9,0
2.7143,220.3571,1,14,8,0
1.6429,496.2857,3,14,6,0
3.4706,243.1765,13,34,15,0
6.3636,886.3182,9,22,12,0
2.1923,362.3846,8,26,10,0
1.0,62.25,0,8,4,0
2.6364,195.4545,4,11,4,0
1.0,62.25,0,8,4,0
6.4346,2760.443,118,237,26,0
3.3659,671.4146,4,41,17,0
2.5283,346.3019,22,53,16,0
8.1062,4448.2188,56,160,18,0
3.5,598.2143,6,28,10,0
3.1111,323.6111,4,18,7,0
3.0,1789.6667,2,6,3,0
1.0,63.0,0,2,2,0
3.5714,331.1429,4,7,5,0
2.6667,494.037,12,27,13,0
1.0,63.0,0,2,2,0
2.3333,181.0,2,6,4,0
1.0,156.0,2,3,3,0
0.6667,42.0,0,3,3,0
2.9231,275.3846,5,13,8,0
10.5172,6607.977,36,87,15,0
2.25,211.25,3,12,7,0
2.9,306.2,1,10,6,0
1.0,63.0,0,2,2,0
7.5455,1958.5455,7,11,8,0
4.2778,420.2778,8,18,12,0
2.2941,195.2941,6,17,9,0
1.7143,118.2857,1,7,6,0
8.8469,3177.0287,102,209,24,0
2.3673,337.5306,2,49,16,0
2.0938,182.125,3,32,14,0
1.6538,132.1538,1,26,11,0
13.7069,6011.7414,21,58,20,0
0.9992,1417.4046,3047,2635,1,1
1.0055,60.3292,13952,13122,2,1
1.0055,60.3292,13952,13122,2,1
1.0,425.1905,28,21,1,1
1.0,430.5789,24,19,1,1
1.0,484.0,1,1,1,1
1.0,440.0,6,5,1,1
1.0,467.0,1,1,1,1
1.4,622.8,7,5,1,1
2.8462,1705.2308,38,26,1,1
1.0,484.0,4,4,1,1
1.0,484.0,1,1,1,1
1.0,484.0,1,1,1,1
1.0,484.0,5,5,1,1
1.0,442.0,7,5,1,1
1.25,510.25,13,8,1,1
1.0,425.0,16,11,1,1
1.0,421.7778,11,9,1,1
1.0,484.0,2,2,1,1
1.0,432.5,10,8,1,1
2.3333,1315.1111,52,36,1,1
2.7143,1538.7143,11,7,1,1
1.0,417.3333,8,6,1,1
1.0,484.0,3,2,1,1
1.0,455.4286,8,7,1,1
1.0,434.0,15,12,1,1
1.0,417.7143,10,7,1,1
1.0,417.44,34,25,1,1
1.0,444.5556,11,9,1,1
1.0,443.4,6,5,1,1
1.0,419.16,33,25,1,1
1.0,422.2857,28,21,1,1
1.0,419.3333,27,21,1,1
1.0,423.4286,28,21,1,1
1.0,421.8571,36,28,1,1
1.0,436.5882,21,17,1,1
1.0,417.8,53,40,1,1
1.0,419.6818,58,44,1,1
1.0,421.3077,17,13,1,1
1.0,423.1,13,10,1,1
1.0,484.0,3,3,1,1
1.0,446.2857,9,7,1,1
1.0,421.9565,30,23,1,1
1.0,419.2353,22,17,1,1
1.0,420.8409,57,44,1,1
1.0,425.4643,36,28,1,1
1.0,420.3214,37,28,1,1
1.0,415.6786,37,28,1,1
1.0,424.2941,23,17,1,1
1.0,433.5,15,12,1,1
1.0,433.25,5,4,1,1
1.0,417.3333,8,6,1,1
1.0,434.0,6,4,1,1
1.0,419.5455,29,22,1,1
1.0,392.1111,12,9,1,1
1.0,416.3333,8,6,1,1
1.0,422.0,33,24,1,1
1.0,420.7429,45,35,1,1
1.0,418.0588,45,34,1,1
1.0,431.75,5,4,1,1
1.0,428.1667,8,6,1,1
1.0,414.6667,12,9,1,1
1.0,421.6667,24,18,1,1
1.0,425.5714,18,14,1,1
1.0,428.6364,14,11,1,1
1.0,433.25,20,16,1,1
1.0,423.4118,44,34,1,1
1.0,425.1429,9,7,1,1
1.0,437.3846,15,13,1,1
1.0,484.0,3,3,1,1
1.0,421.5,21,16,1,1
1.0,444.0,6,5,1,1
1.0,439.5556,11,9,1,1
1.0,452.0,9,7,1,1
1.0,484.0,1,1,1,1
1.0,484.0,2,2,1,1
1.0,444.0,6,5,1,1
1.0,420.0,2,1,1,1
1.0,416.0,2,2,1,1
1.0,484.0,3,2,1,1
1.0,484.0,2,2,1,1
1.0,484.0,3,3,1,1
2.6667,1559.0,17,12,1,1
2.5714,1489.9643,40,28,1,1
1.0,414.3333,16,12,1,1
1.0,421.3,27,20,1,1
1.0,414.3333,8,6,1,1
1.0,484.0,4,3,1,1
1.0,484.0,1,1,1,1
2.2216,903.5256,7473,6240,1,1
9.0,2304.5,3,4,2,1
9.0,3896.0,1,2,2,1
4.3333,1325.3333,2,6,2,1
2.0,132.0,0,2,2,1
11.0,3348.3333,3,6,2,1
6.5,1945.5,2,4,2,1
8.1667,2874.8333,5,12,2,1
7.0,2848.5,0,6,2,1
9.0,3105.0,2,4,2,1
7.6667,2598.6667,2,6,2,1
2.0,132.0,0,2,2,1
5.5,1906.5,2,4,2,1
2.0,132.0,1,6,2,1
4.3333,1308.0,3,6,2,1
2.0,132.0,0,2,2,1
3.25,966.75,4,8,2,1
2.0,132.0,0,4,2,1
9.0,1092.0,1,2,2,1
12.0,4124.0,1,2,2,1
2.0,140.0,2,4,2,1
6.6667,1689.6667,1,6,2,1
9.0,2244.0,2,4,2,1
9.0,3577.0,1,2,2,1
2.0,132.0,0,2,2,1
9.0,2195.0,3,6,2,1
4.0,1031.5,2,4,2,1
4.3333,801.6667,1,6,2,1
12.0,3841.0,1,2,2,1
6.0,1878.0,1,2,2,1
4.5,1257.875,3,8,2,1
2.0,132.0,0,2,2,1
4.3333,787.0,3,6,2,1
5.5,1866.0,2,4,2,1
2.0,132.0,0,4,2,1
8.0,3307.0,3,6,2,1
4.0,987.0,4,14,2,1
2.0,132.0,0,2,2,1
12.0,3966.0,1,2,2,1
12.0,4187.0,1,2,2,1
9.0,3542.0,2,4,2,1
2.0,132.0,0,4,2,1
3.3333,717.6667,3,6,2,1
4.3333,796.6667,1,6,2,1
2.0,132.0,1,2,2,1
12.0,3841.0,1,2,2,1
7.0,2031.2,5,10,2,1
2.0,132.0,0,6,2,1
5.5,1897.0,2,4,2,1
7.25,2011.25,3,8,2,1
2.0,132.0,0,2,2,1
9.0,3552.0,1,2,2,1
1.5,104.0,1,4,2,1
4.0,1034.25,3,8,2,1
4.5,901.75,1,8,2,1
9.0,2233.0,2,4,2,1
9.0,2307.0,2,4,2,1
9.0,1092.0,1,2,2,1
8.3333,2831.3333,6,12,2,1
4.0,864.4,1,10,2,1
9.0,2644.0,1,2,2,1
7.0,1216.0,2,4,2,1
12.0,3808.0,1,2,2,1
5.5,1110.0,2,4,2,1
5.5,2000.5,2,4,2,1
3.75,615.0,2,8,2,1
7.6667,2056.6667,3,6,2,1
2.0,132.0,0,2,2,1
12.0,3776.0,1,2,2,1
5.5,1858.0,2,4,2,1
2.0,132.0,0,2,2,1
5.4,1575.6,5,10,2,1
4.0,1088.0,2,8,2,1
4.5714,1200.4286,5,14,2,1
2.0,132.0,0,6,2,1
9.0,3636.0,1,2,2,1
2.0,132.0,0,2,2,1
12.0,3817.5,2,4,2,1
12.0,3808.0,1,2,2,1
5.5,1892.5,2,4,2,1
2.0,132.0,0,2,2,1
9.0,2246.5,2,4,2,1
2.0,132.0,1,2,2,1
9.0,2052.0,1,2,2,1
6.75,2036.75,4,8,2,1
6.0,1606.4,2,10,2,1
12.0,4067.0,1,2,2,1
6.0,1885.0,1,2,2,1
5.0,1097.0,0,2,2,1
7.0,1782.0,3,6,2,1
4.3333,1292.0,1,6,2,1
5.5,1843.5,1,4,2,1
2.0,132.0,0,2,2,1
4.0,1004.0,2,4,2,1
6.6667,2446.0,2,6,2,1
4.3333,1052.5,4,12,2,1
2.0,132.0,0,4,2,1
7.6667,2589.6667,3,6,2,1
2.0,132.0,0,2,2,1
0,0,22,1359,1144,1
0,0,135,1568,1394,1
0,0,387,507,422,1
0,0,199,259,250,1
0,0,54,1877,1780,1
0,0,26,1259,1115,1
0,0,37,111,90,1
0,0,318,526,484,1
0,0,35,104,100,1
0,0,224,1516,1491,1
0,0,311,501,457,1
0,0,455,619,598,1
0,0,61,63,62,1
0,0,184,376,354,1
0,0,120,619,514,1
0,0,62,1613,1462,1
0,0,34,239,215,1
0,0,319,785,716,1
0,0,32,591,575,1
0,0,284,1544,1470,1
0,0,203,305,303,1
0,0,85,211,203,1
0,0,326,1748,1719,1
0,0,305,1863,1675,1
0,0,33,443,362,1
0,0,405,1404,1239,1
0,0,447,642,533,1
0,0,204,526,432,1
0,0,335,619,553,1
0,0,93,1758,1592,1
0,0,117,808,736,1
0,0,369,1422,1273,1
0,0,341,1968,1923,1
0,0,172,196,194,1
0,0,383,400,388,1
0,0,246,551,460,1
0,0,483,827,730,1
0,0,360,1360,1200,1
0,0,127,714,585,1
0,0,422,1733,1402,1
0,0,147,696,658,1
0,0,155,185,161,1
0,0,171,1844,1842,1
0,0,265,485,471,1
0,0,244,860,852,1
0,0,81,342,306,1
0,0,297,555,539,1
0,0,392,1153,989,1
0,0,469,1247,1106,1
0,0,195,1245,1098,1
0,0,270,499,416,1
0,0,396,1060,871,1
0,0,38,146,143,1
0,0,358,363,310,1
0,0,42,914,883,1
0,0,315,838,767,1
0,0,138,1008,941,1
0,0,492,1183,1166,1
0,0,44,73,61,1
0,0,67,1624,1473,1
0,0,90,651,631,1
0,0,498,979,783,1
0,0,266,1528,1356,1
0,0,269,1610,1379,1
0,0,455,1919,1589,1
0,0,440,1330,1216,1
0,0,321,1358,1345,1
0,0,201,457,384,1
0,0,286,1611,1370,1
0,0,480,1644,1586,1
0,0,30,51,49,1
0,0,67,1050,844,1
0,0,459,1952,1746,1
0,0,132,1753,1559,1
0,0,155,168,149,1
0,0,53,1989,1631,1
0,0,427,1548,1486,1
0,0,42,191,186,1
0,0,291,312,309,1
0,0,280,388,343,1
0,0,226,1836,1778,1
0,0,396,483,455,1
0,0,375,1544,1337,1
0,0,353,688,652,1
0,0,234,1380,1295,1
0,0,241,1892,1777,1
0,0,125,297,252,1
0,0,15,181,165,1
0,0,127,1254,1144,1
0,0,13,1255,1060,1
0,0,68,195,159,1
0,0,94,188,152,1
0,0,70,195,188,1
0,0,258,620,581,1
0,0,77,488,459,1
0,0,305,1531,1516,1
0,0,411,1018,876,1
0,0,107,1018,918,1
0,0,178,243,200,1
0,0,226,932,835,1
0,0,452,891,831,1
0,0,354,1543,1261,1
0,0,41,1388,1160,1
0,0,419,874,785,1
0,0,137,1814,1506,1
0,0,284,442,377,1
0,0,226,968,809,1
0,0,246,425,375,1
0,0,482,561,559,1
0,0,150,204,191,1
0,0,176,250,203,1
0,0,17,1157,1139,1
0,0,227,241,240,1
0,0,218,534,448,1
0,0,119,1044,958,1
0,0,472,1820,1661,1
0,0,107,170,146,1
0,0,26,54,49,1
0,0,156,1947,1789,1
0,0,500,916,910,1
0,0,348,1546,1520,1
0,0,89,1521,1465,1
0,0,121,438,387,1
0,0,25,169,169,1
0,0,39,1581,1424,1
0,0,138,152,151,1
0,0,90,1932,1816,1
0,0,30,166,164,1
0,0,45,1793,1529,1
0,0,355,1268,1031,1
0,0,216,1815,1572,1
0,0,136,295,292,1
0,0,30,1235,1140,1
0,0,224,1318,1095,1
0,0,171,1396,1383,1
0,0,114,1964,1704,1
0,0,132,1421,1296,1
0,0,77,593,524,1
0,0,244,1425,1293,1
0,0,14,697,575,1
0,0,298,988,949,1
0,0,147,254,207,1
0,0,145,486,452,1
0,0,45,321,300,1
0,0,199,1850,1605,1
0,0,234,633,546,1
0,0,370,1757,1683,1
0,0,351,669,537,1
0,0,163,1723,1661,1
0,0,63,1958,1905,1
0,0,145,1972,1645,1
0,0,64,286,284,1
0,0,89,1570,1539,1
0,0,319,607,521,1
0,0,185,481,475,1
0,0,334,466,459,1
0,0,268,1796,1571,1
0,0,473,1050,904,1
0,0,57,1909,1553,1
0,0,434,1349,1295,1
0,0,11,616,497,1
0,0,336,733,619,1
0,0,389,586,488,1
0,0,371,954,904,1
0,0,14,925,883,1
0,0,86,279,227,1
0,0,437,1167,942,1
0,0,292,806,793,1
0,0,75,353,337,1
0,0,56,135,117,1
0,0,470,1891,1532,1
0,0,359,782,678,1
0,0,62,561,533,1
0,0,462,774,762,1
0,0,327,1841,1680,1
0,0,483,1584,1346,1
0,0,452,1954,1684,1
0,0,221,382,327,1
0,0,52,100,85,1
0,0,420,1652,1531,1
0,0,146,1421,1263,1
0,0,205,376,313,1
0,0,449,1836,1487,1
0,0,112,1013,866,1
0,0,189,1722,1612,1
0,0,124,675,598,1
0,0,61,98,84,1
0,0,452,722,648,1
0,0,99,192,170,1
0,0,214,1363,1350,1
0,0,179,1441,1426,1
0,0,69,1973,1592,1
0,0,101,1846,1609,1
0,0,145,1239,1237,1
0,0,86,128,105,1
0,0,383,939,839,1
0,0,233,1660,1488,1
0,0,207,1291,1091,1
0,0,107,1892,1808,1
0,0,372,571,461,1
0,0,8,14,1,0
0,0,5,18,7,0
0,0,10,14,2,0
0,0,5,11,10,0
0,0,8,4,3,0
0,0,5,10,7,0
0,0,4,13,12,0
0,0,3,18,5,0
0,0,6,14,11,0
0,0,9,6,5,0
0,0,8,10,7,0
0,0,4,1,1,0
0,0,9,7,4,0
0,0,7,20,11,0
0,0,10,15,8,0
0,0,7,7,5,0
0,0,1,6,6,0
0,0,10,10,9,0
0,0,1,20,11,0
0,0,3,8,5,0
0,0,0,7,2,0
0,0,7,2,1,0
0,0,7,20,3,0
0,0,9,14,11,0
0,0,6,7,6,0
0,0,3,16,13,0
0,0,1,5,1,0
0,0,2,14,4,0
0,0,0,17,15,0
0,0,1,18,8,0
0,0,7,15,3,0
0,0,7,17,11,0
0,0,6,20,17,0
0,0,2,18,15,0
0,0,4,16,15,0
0,0,8,8,5,0
0,0,4,16,8,0
0,0,4,15,2,0
0,0,5,8,5,0
0,0,1,11,9,0
0,0,3,5,2,0
0,0,2,13,12,0
0,0,6,7,1,0
0,0,8,14,6,0
0,0,0,15,7,0
0,0,6,7,7,0
0,0,9,13,13,0
0,0,7,1,1,0
0,0,4,1,1,0
0,0,8,13,7,0
